CloudLinux,Bill,1968577,2014/10/15,2014/10/15,,14,14
CloudLinux,Bill,1946582,2014/09/15,2014/09/15,,14,14
CloudLinux,Bill,1927480,2014/08/15,2014/08/15,,14,14
CloudLinux,Bill,1894449,2014/07/15,2014/07/15,,14,14
CloudLinux,Bill,1850385,2014/06/15,2014/06/15,,14,14
CloudLinux,Bill,1804390,2014/05/15,2014/05/15,,14,14
CloudLinux,Bill,1756751,2014/04/15,2014/04/15,,14,14
CloudLinux,Bill,1711577,2014/03/15,2014/03/15,,14,14
CloudLinux,Bill,1667026,2014/02/15,2014/02/15,,14,14
CloudLinux,Bill,1623844,2014/01/15,2014/01/15,,14,14
CloudLinux,Bill,1581408,2013/12/15,2013/12/15,,14,14
CloudLinux,Bill,1536206,2013/11/15,2013/11/15,,14,14
CloudLinux,Bill,1493465,2013/10/15,2013/10/15,,14,14
CloudLinux,Bill,1452381,2013/09/15,2013/09/15,,14,14
CloudLinux,Bill,1413240,2013/08/15,2013/08/15,,14,14
CloudLinux,Bill,1375500,2013/07/15,2013/07/15,,14,14
